Lot Number,DRB1_1,DRB1_2
LP_7,DRB1*07:01,DRB1*14:02
LP_88,DRB1*04:04,DRB1*08:01
LP_89,DRB1*13:02,DRB1*14:01
LP_91,DRB1*04:07,DRB1*07:01
LP_92,DRB1*15:01,DRB1*15:01
LP_96,DRB1*03:01,DRB1*04:04
LP_98,DRB1*03:01,DRB1*03:02
LP_99,DRB1*03:01,DRB1*08:02
LP_105,DRB1*03:01,DRB1*15:01
LP_118,DRB1*14:02,DRB1*15:01
LP_120,DRB1*04:07,DRB1*08:02
LP_121,DRB1*01:01,DRB1*16:02
LP_123,DRB1*07:01,DRB1*13:01
LP_141,DRB1*01:02,DRB1*13:03
LP_151,DRB1*10:01,DRB1*14:02
LP_161,DRB1*03:01,DRB1*14:06
LP_169,DRB1*11:04,DRB1*15:01
LP_178,DRB1*04:02,DRB1*14:06
LP_180,DRB1*01:02,DRB1*03:01
LP_188,DRB1*04:02,DRB1*13:03
LP_194,DRB1*11:04,DRB1*14:06
LP_198,DRB1*04:07,DRB1*16:02
LP_203,DRB1*01:03,DRB1*16:01
LP_205,DRB1*03:01,DRB1*07:01
LP_208,DRB1*03:01,DRB1*11:02
LP_209,DRB1*08:01,DRB1*15:02
LP_210,DRB1*04:10,DRB1*15:01
LP_211,DRB1*01:02,DRB1*04:04
LP_212,DRB1*08:01,DRB1*15:02
LP_214,DRB1*11:04,DRB1*14:06
LP_231,DRB1*11:01,DRB1*11:01
LP_235,DRB1*01:02,DRB1*04:04
LP_238,DRB1*07:01,DRB1*11:04
LP_239,DRB1*07:01,DRB1*08:02
LP_242,DRB1*08:04,DRB1*14:06
LP_253,DRB1*04:04,DRB1*13:03
LP_258,DRB1*07:01,DRB1*14:02
LP_260,DRB1*14:01,DRB1*15:01
LP_263,DRB1*01:01,DRB1*03:01
LP_264,DRB1*04:03,DRB1*08:02
LP_265,DRB1*01:02,DRB1*13:01
LP_266,DRB1*04:03,DRB1*15:01
LP_267,DRB1*04:07,DRB1*16:01
LP_268,DRB1*04:01,DRB1*08:02
LP_270,DRB1*11:01,DRB1*16:01
LP_272,DRB1*08:04,DRB1*15:03
LP_273,DRB1*01:02,DRB1*04:07
LP_275,DRB1*03:01,DRB1*09:01
LP_277,DRB1*01:03,DRB1*01:03
LP_279,DRB1*13:02,DRB1*14:06
LP_280,DRB1*01:01,DRB1*01:01
LP_282,DRB1*04:04,DRB1*12:01
LP_283,DRB1*13:04,DRB1*13:04
LP_284,DRB1*04:07,DRB1*07:01
LP_285,DRB1*03:02,DRB1*07:01
LP_289,DRB1*13:02,DRB1*13:04
LP_290,DRB1*04:01,DRB1*12:01
LP_292,DRB1*14:01,DRB1*15:01
LP_296,DRB1*11:01,DRB1*15:02
LP_297,DRB1*04:04,DRB1*04:07
LP_298,DRB1*04:11,DRB1*16:02
LP_299,DRB1*04:07,DRB1*08:03
LP_301,DRB1*09:01,DRB1*14:02
LP_302,DRB1*14:01,DRB1*15:01
LP_304,DRB1*01:02,DRB1*13:01
LP_305,DRB1*07:01,DRB1*14:01
LP_306,DRB1*11:04,DRB1*13:02
LP_307,DRB1*04:04,DRB1*08:02
LP_311,DRB1*08:02,DRB1*11:01
LP_312,DRB1*14:06,DRB1*15:01
LP_313,DRB1*07:01,DRB1*07:01
LP_314,DRB1*04:02,DRB1*04:02
LP_315,DRB1*13:02,DRB1*13:04
LP_317,DRB1*04:11,DRB1*11:01
LP_318,DRB1*04:04,DRB1*04:04
LP_320,DRB1*01:01,DRB1*16:02
LP_321,DRB1*04:02,DRB1*04:02
LP_323,DRB1*03:01,DRB1*13:02
LP_325,DRB1*12:01,DRB1*13:01
LP_326,DRB1*08:06,DRB1*11:01
LP_327,DRB1*14:02,DRB1*15:03
LP_328,DRB1*01:01,DRB1*11:04
LP_331,DRB1*04:07,DRB1*08:02
LP_332,DRB1*03:01,DRB1*04:03
LP_333,DRB1*04:01,DRB1*07:01
LP_334,DRB1*11:01,DRB1*15:01
LP_335,DRB1*01:02,DRB1*11:02
LP_336,DRB1*01:01,DRB1*04:01
LP_338,DRB1*03:01,DRB1*04:07
LP_340,DRB1*01:01,DRB1*15:01
LP_341,DRB1*01:02,DRB1*13:01
LP_342,DRB1*13:02,DRB1*15:01
LP_343,DRB1*04:01,DRB1*15:03
LP_344,DRB1*04:01,DRB1*07:01
LP_345,DRB1*01:02,DRB1*13:01
LP_346,DRB1*08:01,DRB1*11:01
LP_347,DRB1*13:01,DRB1*13:03
LP_349,DRB1*01:01,DRB1*13:02
LP_350,DRB1*11:04,DRB1*11:04
LP_351,DRB1*11:01,DRB1*13:02
LP_352,DRB1*04:01,DRB1*07:01
LP_353,DRB1*07:01,DRB1*11:01
LP_354,DRB1*07:01,DRB1*07:01
LP_355,DRB1*01:01,DRB1*13:02
LP_356,DRB1*04:07,DRB1*16:01
LP_359,DRB1*04:01,DRB1*07:01
LP_360,DRB1*01:03,DRB1*03:01
LP_361,DRB1*04:04,DRB1*13:01
LP_362,DRB1*08:04,DRB1*11:01
LP_363,DRB1*01:01,DRB1*11:04
LP_364,DRB1*09:01,DRB1*15:01
LP_365,DRB1*04:05,DRB1*08:02
LP_366,DRB1*03:01,DRB1*13:01
LP_367,DRB1*11:02,DRB1*13:02
LP_369,DRB1*01:01,DRB1*11:04
LP_372,DRB1*13:01,DRB1*13:02
LP_373,DRB1*03:01,DRB1*08:02
LP_375,DRB1*03:01,DRB1*04:02
LP_377,DRB1*01:01,DRB1*11:04
LP_378,DRB1*13:03,DRB1*16:01
LP_379,DRB1*04:04,DRB1*07:01
LP_381,DRB1*04:05,DRB1*12:02
LP_383,DRB1*01:02,DRB1*13:01
LP_384,DRB1*09:01,DRB1*13:02
LP_385,DRB1*10:01,DRB1*14:06
LP_386,DRB1*03:01,DRB1*04:11
LP_388,DRB1*03:01,DRB1*03:01
LP_389,DRB1*07:01,DRB1*07:01
LP_390,DRB1*01:01,DRB1*13:02
LP_391,DRB1*04:11,DRB1*13:02
LP_392,DRB1*01:01,DRB1*04:01
LP_393,DRB1*03:01,DRB1*09:01
LP_394,DRB1*03:01,DRB1*14:02
LP_395,DRB1*01:02,DRB1*15:03
LP_396,DRB1*04:05,DRB1*15:01
LP_397,DRB1*04:06,DRB1*15:01
LP_398,DRB1*01:02,DRB1*03:02
LP_399,DRB1*04:01,DRB1*15:01
LP_400,DRB1*01:02,DRB1*12:01
LP_401,DRB1*01:02,DRB1*11:02
LP_402,DRB1*09:01,DRB1*15:01
LP_403,DRB1*04:04,DRB1*07:01
LP_404,DRB1*07:01,DRB1*11:04
LP_405,DRB1*11:01,DRB1*13:04
LP_406,DRB1*07:01,DRB1*11:01
LP_407,DRB1*11:02,DRB1*13:02
LP_408,DRB1*03:01,DRB1*16:01
LP_409,DRB1*13:02,DRB1*16:02
LP_411,DRB1*07:01,DRB1*15:01
LP_412,DRB1*08:02,DRB1*16:02
LP_413,DRB1*04:02,DRB1*07:01
LP_414,DRB1*01:03,DRB1*03:01
LP_415,DRB1*11:01,DRB1*15:02
LP_416,DRB1*03:02,DRB1*08:02
LP_417,DRB1*08:03,DRB1*12:02
LP_418,DRB1*09:01,DRB1*14:02
LP_419,DRB1*10:01,DRB1*11:01
LP_420,DRB1*13:01,DRB1*14:01
LP_421,DRB1*04:07,DRB1*15:01
